method,regime_method,target,horizon,fold,IC,mean_asset_IC,median_asset_IC,cross_sectional_IC,median_cross_sectional_IC,pooled_IC,signal_IC,n_asset_IC,n_cross_sectional_IC,Sharpe,drawdown,turnover,total_return,n_trades,n_return_observations,rebalance_offset_utc,n_test_rows,accuracy,balanced_accuracy
global_lgbm,none,tb_label_8h,8h,1,-0.08114923527204582,-0.08114923527204582,-0.08137938832154681,-0.010654332851734727,-0.01054074581009562,-0.06491600792429537,0.023996822913592158,20,720,2.535374659863031,-0.014022886465247075,0.05277777777777778,0.01730509587398421,185,90,0,14400,0.5836111111111111,0.3531478465957245
global_lgbm,none,tb_label_8h,8h,2,0.030409353552887645,0.030409353552887645,0.03373052955597882,0.008792268749392103,0.016381309914678885,0.02913115359420002,0.000400726632142593,20,720,-3.0549016035807517,-0.008526232037572301,0.022222222222222223,-0.007547276035238415,79,90,0,14400,0.5723611111111111,0.34015493431414856
global_lgbm,none,tb_label_8h,8h,3,0.021019341917424626,0.021019341917424626,0.021407150006265724,-0.061390271519012184,-0.06927471312893355,0.028862292987623467,-0.0200961418875624,20,720,-0.7481727233043867,-0.00938610415384732,0.041666666666666664,-0.002843707173248111,148,90,0,14400,0.5599305555555556,0.34625776271158676
global_lgbm,none,tb_label_8h,8h,4,-0.0799764629714816,-0.0799764629714816,-0.07219599007100258,-0.06905805031967521,-0.0850902657847222,-0.06832204138539259,-0.03683986069792672,20,720,-3.1573382443310742,-0.028635774703932474,0.034722222222222224,-0.02162973092885989,123,90,0,14400,0.5547222222222222,0.3417169114835625
global_lgbm,none,tb_label_8h,8h,5,0.010693052441068523,0.010693052441068523,-0.0004894704419289519,-0.05764571705065023,-0.05394143558379008,0.013443741520559932,0.014689386386874895,20,720,0.30767842005663465,-0.013859283203349792,0.04111111111111111,0.0013974617477723328,147,90,0,14400,0.5791666666666667,0.3599924540934724
global_lgbm,none,tb_label_8h,8h,6,0.01567476807629456,0.01567476807629456,0.008881084697714255,0.015989089181682563,0.009764527620965647,0.0191925828232006,0.020095795731043097,20,720,6.238641778158743,-0.0009033168304084246,0.011111111111111112,0.006391510893466679,39,90,0,14400,0.5605555555555556,0.33818062099559426
global_lgbm,none,tb_label_8h,8h,7,-0.06848900422308173,-0.06848900422308173,-0.08373751683838732,-0.027397162181479768,-0.02752238153987325,-0.06928807109045441,-0.01801625477992916,20,720,-5.731194185765745,-0.019643759331039207,0.04388888888888889,-0.017287663313003354,152,90,0,14400,0.5661805555555556,0.34538144765734874
global_lgbm,none,tb_label_8h,8h,8,0.024829685804710216,0.024829685804710216,0.018478845848261247,-0.004861961743922164,-0.013658261309779346,0.029238056911396533,0.041917068967507604,20,720,1.005950065702898,-0.012174932050052618,0.06138888888888889,0.003186376427894766,214,90,0,14400,0.5638888888888889,0.35683478752918824
global_lgbm,none,tb_label_8h,8h,9,0.059251450089388466,0.059251450089388466,0.05451214369005643,0.05340026087892514,0.06263122147511144,0.07287187352106361,0.03073302283220347,20,720,1.0629820923412672,-0.011162790912449205,0.024166666666666666,0.00785846394408285,87,90,0,14400,0.5751388888888889,0.3420113163795113
global_lgbm,none,tb_label_8h,8h,10,-0.08951102160941489,-0.08951102160941489,-0.07218528237839975,-0.0008791900229197328,-0.011404212454454998,-0.07484412722676992,0.01253207962763701,20,720,-1.3155742223882199,-0.009103239613531622,0.029444444444444443,-0.0029969170356590746,105,90,0,14400,0.5995833333333334,0.34767260624945456
global_lgbm,none,tb_label_8h,8h,11,-0.042230495568168255,-0.042230495568168255,-0.04501646330671549,-0.017520259497773492,-0.0279916162922339,-0.04147260017916794,-0.010767895716590984,20,720,3.21685317085437,-0.015545379079588978,0.07472222222222222,0.016706844670319576,259,90,0,14400,0.5786111111111111,0.36669007171299867
global_lgbm,none,tb_label_8h,8h,12,-0.037697583918396824,-0.037697583918396824,-0.023109518464207335,0.018702725295541914,0.024288497088525214,-0.028867874828049398,0.05334425892183139,20,720,-0.027611403892348885,-0.025846891109150002,0.06444444444444444,-0.0004713534091881355,227,90,0,14400,0.5825,0.36860570271209275
global_lgbm,none,tb_label_8h,8h,13,-0.04511409080086369,-0.04511409080086369,-0.05810504217682807,0.007938148308205316,0.0008707722557819293,-0.038420616120789224,-0.008781043717558402,20,720,-3.5096781209977874,-0.022370654879983215,0.03944444444444444,-0.014642699918692714,139,90,0,14400,0.5586805555555555,0.34882935289369427
global_lgbm,none,tb_label_8h,8h,14,-0.013493428763765265,-0.013493428763765265,-0.007132839285301361,-0.009470603697681044,-0.020651311376603303,-0.015356427761126269,0.0006482732593834816,20,720,2.4690869474576096,-0.015559685628403506,0.0725,0.018120984009371233,257,90,0,14400,0.554375,0.3564523070622143
global_lgbm,none,tb_label_8h,8h,15,-0.04796162917819892,-0.04796162917819892,-0.06763935998257604,0.03270950586690856,0.04089148172210369,-0.021386741854543305,-0.004899572661022913,20,720,-3.540626961870736,-0.024444335436112134,0.10666666666666667,-0.013434747158415195,359,90,0,14400,0.5798611111111112,0.37445303446608397
global_lgbm,none,tb_label_8h,8h,16,0.02521848236407046,0.02521848236407046,0.016972605280223856,0.04188417515072484,0.03835522611906178,0.021435345447358638,0.038410622519696944,20,720,-3.1839800419458317,-0.022993167433796344,0.05444444444444444,-0.01208095364319095,188,90,0,14400,0.54625,0.3591351745049472
regime_lgbm_hmm,hmm,tb_label_8h,8h,1,-0.06209506599079604,-0.06209506599079604,-0.05625789919094195,-0.0011113969270583428,0.005039432950352813,-0.049321878491587846,0.009504061072330086,20,720,3.9625695157042005,-0.01914975468705382,0.07444444444444444,0.0431826399471269,260,90,0,14400,0.5825694444444445,0.362948379857925
regime_lgbm_hmm,hmm,tb_label_8h,8h,2,0.006233177791362984,0.006233177791362984,0.007647118000817063,0.016444703676299226,0.011423468303977447,0.004347968561931989,0.003224983135852971,20,720,-3.3386461940880743,-0.020960057367833015,0.042777777777777776,-0.01835158264889203,152,90,0,14400,0.5695833333333333,0.34548326455278416
regime_lgbm_hmm,hmm,tb_label_8h,8h,3,0.028050075977503974,0.028050075977503974,0.027384916540105136,-0.049707695155796205,-0.06518133874103152,0.0338402070756306,-0.005270084934862296,20,720,0.18435768016274495,-0.01391513858260754,0.085,0.0009259297162698132,287,90,0,14400,0.559375,0.35906017238607846
regime_lgbm_hmm,hmm,tb_label_8h,8h,4,-0.04782292021586661,-0.04782292021586661,-0.043085494394698096,-0.03852852156452588,-0.059498712547914605,-0.035899586995557675,-0.027889944957151892,20,720,-3.953181283027982,-0.03055360056919625,0.060833333333333336,-0.027284905484340483,214,90,0,14400,0.5505555555555556,0.35100282154789025
regime_lgbm_hmm,hmm,tb_label_8h,8h,5,0.01647693004488211,0.01647693004488211,0.015429172224567718,-0.04065988803385289,-0.0354312904230005,0.023099784555473866,0.02956863413075292,20,720,0.3535210422549251,-0.017985484070444674,0.06166666666666667,0.0018256401596592475,216,90,0,14400,0.5768055555555556,0.36841380272702634
regime_lgbm_hmm,hmm,tb_label_8h,8h,6,0.0021276452776990817,0.0021276452776990817,0.004972496481925052,0.009585536857459895,0.0065153866942784825,0.008461502216941624,0.0061300989082157835,20,720,0.11150788246991894,-0.009197136676191228,0.03277777777777778,0.00024066192690175292,112,90,0,14400,0.5627083333333334,0.3496111556558739
regime_lgbm_hmm,hmm,tb_label_8h,8h,7,-0.06824589357707485,-0.06824589357707485,-0.07799820660415124,-0.02159964809522387,-0.024867644624840455,-0.06726773031750616,-0.020159189857620285,20,720,-6.837212738160627,-0.023458495574084692,0.044444444444444446,-0.022058420108163168,156,90,0,14400,0.5657638888888888,0.347711452324807
regime_lgbm_hmm,hmm,tb_label_8h,8h,8,0.02898363824593513,0.02898363824593513,0.04366561931083769,-0.003987467996061699,0.01607521939602931,0.029470798939693357,0.03940952070369672,20,720,2.6774007945758838,-0.014523551834672981,0.0725,0.012970165884701013,253,90,0,14400,0.565625,0.3634776819265402
regime_lgbm_hmm,hmm,tb_label_8h,8h,9,0.0593949741493985,0.0593949741493985,0.05567209123608291,0.06155904587507563,0.06493890106913205,0.05871145782211905,0.02643599747515609,20,720,1.5094825552898992,-0.013063969186396907,0.04055555555555555,0.006569589541571608,144,90,0,14400,0.5716666666666667,0.3445378853242204
regime_lgbm_hmm,hmm,tb_label_8h,8h,10,-0.07235850961603017,-0.07235850961603017,-0.08832447133619462,-0.0008876925808649109,-0.007272314799481955,-0.06832859883827776,-0.000150595863740232,20,720,-4.005523837386396,-0.013413969008563736,0.04527777777777778,-0.010127918373044165,158,90,0,14400,0.598125,0.35254922591938626
regime_lgbm_hmm,hmm,tb_label_8h,8h,11,-0.037748562972433064,-0.037748562972433064,-0.04911353097379048,-0.014084957340015528,-0.02780784369478302,-0.03363184237318951,-0.004523260830939864,20,720,3.64948293265779,-0.012621617639759348,0.07944444444444444,0.019025391922650403,274,90,0,14400,0.5811111111111111,0.37237187103903097
regime_lgbm_hmm,hmm,tb_label_8h,8h,12,-0.041857618766800886,-0.041857618766800886,-0.033345749805470594,0.00910606871895311,0.0025307030653665746,-0.0316900767538302,0.03982582928547314,20,720,-2.6492506775116627,-0.034113620567504714,0.07833333333333334,-0.017023081771731174,274,90,0,14400,0.5807638888888889,0.3688986059548052
regime_lgbm_hmm,hmm,tb_label_8h,8h,13,-0.07417681216292048,-0.07417681216292048,-0.07787189685117471,0.008592520968573875,0.0012496942377233167,-0.06651659705692034,-0.0021383842301827536,20,720,-3.5478474942679896,-0.02541983023558881,0.04777777777777778,-0.016229805371387185,165,90,0,14400,0.5618055555555556,0.35463285126765703
regime_lgbm_hmm,hmm,tb_label_8h,8h,14,0.0064394900639068746,0.0064394900639068746,0.0146420975365096,0.008556091391611474,0.010485708008560395,-0.0017883384359557136,0.0034442250313234807,20,720,3.085400864032854,-0.006504126738606335,0.035833333333333335,0.017232138237098127,124,90,0,14400,0.5595833333333333,0.3461132020357733
regime_lgbm_hmm,hmm,tb_label_8h,8h,15,-0.0500466027385287,-0.0500466027385287,-0.06718212079872846,0.0224305932090059,0.0010109809581281294,-0.021086411579721624,-0.013250908685970005,20,720,-6.475661273190862,-0.036010690920740794,0.13694444444444445,-0.0291677014167373,443,90,0,14400,0.5696527777777778,0.37985627502109026
regime_lgbm_hmm,hmm,tb_label_8h,8h,16,-0.007003340359572804,-0.007003340359572804,-0.020408330867898845,0.012065609079988167,0.0035137222139114384,-0.011265111812922784,0.007596701782400536,20,720,-3.333743434998742,-0.030352848305449886,0.06722222222222222,-0.013800400113674893,230,90,0,14400,0.5457638888888889,0.360814642266403
regime_lgbm_kmeans,kmeans,tb_label_8h,8h,1,-0.05499607132721024,-0.05499607132721024,-0.05754650485345519,-0.005884464250718506,-0.014518621227062628,-0.04087470760927947,0.019857346963383298,20,720,1.62150714145629,-0.01821729707508317,0.07333333333333333,0.011774841573397143,252,90,0,14400,0.5792361111111111,0.35943110095325115
regime_lgbm_kmeans,kmeans,tb_label_8h,8h,2,0.015930782502067205,0.015930782502067205,0.011513639442114575,0.004219916698907761,0.019379802015501758,0.016575024668650903,0.015392100389788225,20,720,0.29925640959245026,-0.007076451775754995,0.035,0.0010652501589214491,125,90,0,14400,0.5693055555555555,0.34468810451595955
regime_lgbm_kmeans,kmeans,tb_label_8h,8h,3,0.016754505698895774,0.016754505698895774,0.020226415125398238,-0.05055040912939847,-0.05774506493490792,0.022080863767685567,-0.0159929064112877,20,720,-2.111421315295824,-0.01905622258964702,0.09111111111111111,-0.012608071671575849,314,90,0,14400,0.5565972222222222,0.35775723097787376
regime_lgbm_kmeans,kmeans,tb_label_8h,8h,4,-0.0754680103674365,-0.0754680103674365,-0.06891951727860185,-0.053872363278800656,-0.07118542263095332,-0.060316374413893786,-0.04226580123150284,20,720,-4.4003619669329845,-0.01968662441119075,0.055,-0.016324015212331622,192,90,0,14400,0.5504166666666667,0.34639804657913564
regime_lgbm_kmeans,kmeans,tb_label_8h,8h,5,0.007511804151919377,0.007511804151919377,0.0037806501665081024,-0.05269894023699928,-0.052603454655707746,0.011213445330705821,0.02711197585032259,20,720,0.6716548064028675,-0.02479762301476981,0.065,0.004356005127878149,229,90,0,14400,0.5759722222222222,0.3676209027464285
regime_lgbm_kmeans,kmeans,tb_label_8h,8h,6,0.008194098196246455,0.008194098196246455,0.009372088917343199,0.010796475241492706,0.007966404329956184,0.013076660612996702,0.008863540070398955,20,720,0.7771344599939046,-0.007046404906824495,0.035,0.0017152245529596932,119,90,0,14400,0.5619444444444445,0.34902690851433316
regime_lgbm_kmeans,kmeans,tb_label_8h,8h,7,-0.08089323026198414,-0.08089323026198414,-0.08770444290399329,-0.030296865601350826,-0.03429549204643874,-0.07940885649649744,-0.02517469698468942,20,720,-6.419024313618131,-0.020465596951010287,0.04722222222222222,-0.017694955240472487,166,90,0,14400,0.5651388888888889,0.34628275463081876
regime_lgbm_kmeans,kmeans,tb_label_8h,8h,8,0.018709047610974444,0.018709047610974444,0.010729302724829198,-0.006706813513764967,-0.01185235746510167,0.02405168845325567,0.029256129787706593,20,720,-0.06739078223013702,-0.01570381069592786,0.06861111111111111,-0.0002882576662709413,238,90,0,14400,0.5620138888888889,0.35763514227611215
regime_lgbm_kmeans,kmeans,tb_label_8h,8h,9,0.04428340323191138,0.04428340323191138,0.03440424526086462,0.03628705545496071,0.046799021770665264,0.05132421735749826,0.019175899641353845,20,720,1.3083230293023689,-0.011162790912449205,0.03333333333333333,0.010505085605188702,119,90,0,14400,0.5740277777777778,0.3448718334161575
regime_lgbm_kmeans,kmeans,tb_label_8h,8h,10,-0.07142085374668974,-0.07142085374668974,-0.07463935094901886,0.006838865745859194,0.01042043866959702,-0.05713584692724534,-0.010248439833283648,20,720,-0.5237802579579327,-0.013068727181986307,0.045,-0.001396468751211577,158,90,0,14400,0.5974305555555556,0.35003267080736816
regime_lgbm_kmeans,kmeans,tb_label_8h,8h,11,-0.03780493882892433,-0.03780493882892433,-0.05462873001441032,-0.010684737495061495,-0.01971112209547293,-0.03523027853789068,-0.01606415181774182,20,720,2.7367446650292657,-0.016372752625338837,0.07833333333333334,0.013785529371193483,271,90,0,14400,0.5775,0.36808258742992966
regime_lgbm_kmeans,kmeans,tb_label_8h,8h,12,-0.06481138582269906,-0.06481138582269906,-0.07091996295735237,0.015711533056194042,0.019027889551909104,-0.05231442566581008,0.04424825914210225,20,720,-2.5829282624479717,-0.03555282693205313,0.07611111111111112,-0.01768758144901017,263,90,0,14400,0.5825694444444445,0.37215576362608455
regime_lgbm_kmeans,kmeans,tb_label_8h,8h,13,-0.04758555226503493,-0.04758555226503493,-0.04395340988751616,0.02222270211544246,0.023206281437930187,-0.04286329861040341,0.0016434910729416865,20,720,-1.3382328047892111,-0.020604590416080096,0.043333333333333335,-0.005653919072714397,152,90,0,14400,0.5592361111111112,0.35102923696207594
regime_lgbm_kmeans,kmeans,tb_label_8h,8h,14,-0.005955360659535707,-0.005955360659535707,0.002691530378287425,-0.010255831318912941,-0.018283684383038915,-0.011977188374087393,-0.008522377913248957,20,720,1.0651898984017798,-0.011556209882190749,0.03861111111111111,0.005382031935011078,133,90,0,14400,0.5584722222222223,0.3431008986149458
regime_lgbm_kmeans,kmeans,tb_label_8h,8h,15,-0.052664870943185484,-0.052664870943185484,-0.04492516883020593,0.017583078208905523,0.007469235299159938,-0.029729711688341296,-0.004546166685812715,20,720,-2.0209690406088328,-0.021946732290244526,0.11861111111111111,-0.008150545817784183,397,90,0,14400,0.5753472222222222,0.377948257154682
regime_lgbm_kmeans,kmeans,tb_label_8h,8h,16,0.010202369354243119,0.010202369354243119,0.00024439766192144554,0.01749246273284549,0.009477870705972377,0.009116522186827469,0.03282751324331688,20,720,-3.3863142759384117,-0.029153967174976574,0.06888888888888889,-0.01266340360232543,237,90,0,14400,0.5478472222222223,0.3637634490546821
regime_lgbm_vol_bucket,vol_bucket,tb_label_8h,8h,1,-0.07965822675350288,-0.07965822675350288,-0.09599382400889414,-0.01689401414196893,-0.029231996905003214,-0.061682746939945673,0.013631019043572615,20,720,2.4875426667976,-0.01616799340160793,0.07138888888888889,0.022775331792463493,238,90,0,14400,0.5769444444444445,0.35917850408892676
regime_lgbm_vol_bucket,vol_bucket,tb_label_8h,8h,2,0.024532951391000805,0.024532951391000805,0.01625269481092259,0.021456301338312864,0.027980028370403975,0.02199878944301558,0.024954986275778763,20,720,-0.2880121311111205,-0.0136194461141344,0.06166666666666667,-0.0014001576994587817,216,90,0,14400,0.5635416666666667,0.3543218798985511
regime_lgbm_vol_bucket,vol_bucket,tb_label_8h,8h,3,0.021422904772608525,0.021422904772608525,0.03309129586327832,-0.05581929562152971,-0.055557966462674684,0.03127095899964848,-0.009563368529779447,20,720,-2.3557443240326434,-0.028491295368644348,0.08277777777777778,-0.01616593100906205,288,90,0,14400,0.5568055555555556,0.35907230800477424
regime_lgbm_vol_bucket,vol_bucket,tb_label_8h,8h,4,-0.04729592249072314,-0.04729592249072314,-0.03736890163648121,-0.03863103457509251,-0.05538906381664492,-0.03257807852318693,-0.016970345171791825,20,720,-0.6681197136755173,-0.019431968410997414,0.060833333333333336,-0.0031615594581257955,207,90,0,14400,0.5520138888888889,0.35385277762051975
regime_lgbm_vol_bucket,vol_bucket,tb_label_8h,8h,5,0.0041961832632355315,0.0041961832632355315,0.005019729702554207,-0.03904009410990077,-0.02619530504703446,0.007218043226669085,0.008593454046382907,20,720,2.330695051620063,-0.022656103165824885,0.07361111111111111,0.0148656400365752,251,90,0,14400,0.569375,0.3670643872218933
regime_lgbm_vol_bucket,vol_bucket,tb_label_8h,8h,6,0.003769589980465897,0.003769589980465897,0.00506820803545111,0.01142108277486178,0.003916801471682807,0.009145710704557972,0.003551288122423666,20,720,-0.42651172405401533,-0.009834735066503396,0.035555555555555556,-0.0013930861709520181,123,90,0,14400,0.5623611111111111,0.3498828763292418
regime_lgbm_vol_bucket,vol_bucket,tb_label_8h,8h,7,-0.07237801486744708,-0.07237801486744708,-0.0811374256912494,-0.035720077107615336,-0.047225838150234095,-0.0717867337476353,-0.02636162562903588,20,720,-4.315022165455215,-0.016822545272847236,0.05333333333333334,-0.013260499096326095,186,90,0,14400,0.5659722222222222,0.35002243875006284
regime_lgbm_vol_bucket,vol_bucket,tb_label_8h,8h,8,0.03938034199005587,0.03938034199005587,0.033302004287326104,0.00504204143443777,0.02534863325169007,0.04285182157335077,0.047834906376983156,20,720,4.057230320837015,-0.013269718048232924,0.07555555555555556,0.021324176707720355,264,90,0,14400,0.5647916666666667,0.36590921405459237
regime_lgbm_vol_bucket,vol_bucket,tb_label_8h,8h,9,0.007973327441305385,0.007973327441305385,0.013291590735355454,0.04460269442642639,0.030286364043085857,0.013185509459951844,-0.00023265704535624566,20,720,-1.174801832336837,-0.018996956009864396,0.03916666666666667,-0.006999280023462395,138,90,0,14400,0.5743055555555555,0.3509070678994442
regime_lgbm_vol_bucket,vol_bucket,tb_label_8h,8h,10,-0.05134902837292003,-0.05134902837292003,-0.05305016702058438,0.0009275403912849682,0.0044635481331732445,-0.04956280548285832,-0.005860343441777454,20,720,-7.261015832353368,-0.020420362781475968,0.023055555555555555,-0.01982857217341427,82,90,0,14400,0.5965972222222222,0.3417643769237402
regime_lgbm_vol_bucket,vol_bucket,tb_label_8h,8h,11,-0.03238110356836964,-0.03238110356836964,-0.038812777938055695,-0.011398849135480324,-0.025077608545775135,-0.027630978514843446,-0.006365572104023361,20,720,3.401084345842015,-0.014071054581141733,0.08638888888888889,0.01817144967762463,295,90,0,14400,0.5782638888888889,0.3725989375389254
regime_lgbm_vol_bucket,vol_bucket,tb_label_8h,8h,12,-0.05861754891451609,-0.05861754891451609,-0.06461632976226925,0.0042767008917962415,-0.0019507326574008384,-0.04999159187035068,0.03629770778786629,20,720,-0.6593507576906965,-0.01882813438783939,0.07666666666666666,-0.004146922121731178,265,90,0,14400,0.5828472222222222,0.3730929600806885
regime_lgbm_vol_bucket,vol_bucket,tb_label_8h,8h,13,-0.06679840790718251,-0.06679840790718251,-0.07501724437676463,0.017068347281613307,0.0339034647720008,-0.06158557099381371,-0.008404434411641817,20,720,-5.39255794907885,-0.02939501806827623,0.04666666666666667,-0.02272099277162687,163,90,0,14400,0.5582638888888889,0.3509224400456636
regime_lgbm_vol_bucket,vol_bucket,tb_label_8h,8h,14,0.011752524465921527,0.011752524465921527,-0.006074013791043338,-0.01583739806748703,-0.0253730014335555,0.0010223698264744659,0.027005547383564654,20,720,3.5921861262887855,-0.025338629970250364,0.12472222222222222,0.02714359780059894,414,90,0,14400,0.5484722222222222,0.37348901042876204
regime_lgbm_vol_bucket,vol_bucket,tb_label_8h,8h,15,-0.05495501853873055,-0.05495501853873055,-0.07446440013899577,0.03368466879976647,0.025751372069135595,-0.02543534161111312,-0.015329333944641163,20,720,-2.898732593193926,-0.02610254542540559,0.1238888888888889,-0.013651555110639424,417,90,0,14400,0.5749305555555555,0.37725211722513224
regime_lgbm_vol_bucket,vol_bucket,tb_label_8h,8h,16,0.0057303294841589535,0.0057303294841589535,-0.002078976804507488,0.01666361228130631,0.004416885883089378,-0.0008818095128401326,0.019420450300987303,20,720,-6.908484466270318,-0.04789648567254231,0.09,-0.037822196708764966,303,90,0,14400,0.5428472222222223,0.3658772300282758
