method,target,horizon,regime_method,symbol_scope,IC,mean_asset_IC,median_asset_IC,cross_sectional_IC,median_cross_sectional_IC,pooled_IC,signal_IC,n_asset_IC,n_cross_sectional_IC,Sharpe,drawdown,turnover,total_return,n_trades,n_return_observations,rebalance_offset_utc,n_test_rows,nll_loss,fold
global_lgbm,tb_label_8h,8h,none,BTCUSDT+ETHUSDT+BNBUSDT+SOLUSDT+XRPUSDT+DOGEUSDT+ADAUSDT+TRXUSDT+LINKUSDT+AVAXUSDT+TONUSDT+SHIBUSDT+DOTUSDT+BCHUSDT+LTCUSDT+NEARUSDT+UNIUSDT+APTUSDT+ICPUSDT+ETCUSDT,-0.08114923527204587,-0.08114923527204587,-0.08137938832154688,-0.010654332851734727,-0.01054074581009595,-0.06491600792429546,0.02399682291359214,20,720,2.5353746598630256,-0.014022886465247075,0.05277777777777778,0.01730509587398399,185,90,0,14400,0.9500279307934302,1
regime_lgbm_kmeans,tb_label_8h,8h,kmeans,BTCUSDT+ETHUSDT+BNBUSDT+SOLUSDT+XRPUSDT+DOGEUSDT+ADAUSDT+TRXUSDT+LINKUSDT+AVAXUSDT+TONUSDT+SHIBUSDT+DOTUSDT+BCHUSDT+LTCUSDT+NEARUSDT+UNIUSDT+APTUSDT+ICPUSDT+ETCUSDT,-0.05499607132721028,-0.05499607132721028,-0.05754650485345518,-0.0058844642507185265,-0.014518621227062056,-0.04087470760927957,0.019857346963383295,20,720,1.6215071414562845,-0.01821729707508328,0.07333333333333333,0.011774841573397143,252,90,0,14400,0.9616333487541182,1
regime_lgbm_hmm,tb_label_8h,8h,hmm,BTCUSDT+ETHUSDT+BNBUSDT+SOLUSDT+XRPUSDT+DOGEUSDT+ADAUSDT+TRXUSDT+LINKUSDT+AVAXUSDT+TONUSDT+SHIBUSDT+DOTUSDT+BCHUSDT+LTCUSDT+NEARUSDT+UNIUSDT+APTUSDT+ICPUSDT+ETCUSDT,-0.062095065990796096,-0.062095065990796096,-0.05625789919094198,-0.001111396927058318,0.005039432950353468,-0.0493218784915879,0.009504061072330084,20,720,3.962569515704197,-0.01914975468705382,0.07444444444444444,0.04318263994712712,260,90,0,14400,0.9587965742054244,1
regime_lgbm_vol_bucket,tb_label_8h,8h,vol_bucket,BTCUSDT+ETHUSDT+BNBUSDT+SOLUSDT+XRPUSDT+DOGEUSDT+ADAUSDT+TRXUSDT+LINKUSDT+AVAXUSDT+TONUSDT+SHIBUSDT+DOTUSDT+BCHUSDT+LTCUSDT+NEARUSDT+UNIUSDT+APTUSDT+ICPUSDT+ETCUSDT,-0.07965822675350294,-0.07965822675350294,-0.09599382400889421,-0.016894014141968932,-0.029231996905003013,-0.06168274693994571,0.013631019043572612,20,720,2.4875426667976,-0.016167993401607707,0.07138888888888889,0.02277533179246327,238,90,0,14400,0.9631039281132189,1
global_lgbm,tb_label_8h,8h,none,BTCUSDT+ETHUSDT+BNBUSDT+SOLUSDT+XRPUSDT+DOGEUSDT+ADAUSDT+TRXUSDT+LINKUSDT+AVAXUSDT+TONUSDT+SHIBUSDT+DOTUSDT+BCHUSDT+LTCUSDT+NEARUSDT+UNIUSDT+APTUSDT+ICPUSDT+ETCUSDT,0.030409353552887604,0.030409353552887604,0.03373052955597861,0.008792268749392084,0.016381309914678656,0.0291311535942,0.00040072663214257875,20,720,-3.054901603580757,-0.008526232037572634,0.022222222222222223,-0.007547276035238859,79,90,0,14400,0.9438578965192478,2
regime_lgbm_kmeans,tb_label_8h,8h,kmeans,BTCUSDT+ETHUSDT+BNBUSDT+SOLUSDT+XRPUSDT+DOGEUSDT+ADAUSDT+TRXUSDT+LINKUSDT+AVAXUSDT+TONUSDT+SHIBUSDT+DOTUSDT+BCHUSDT+LTCUSDT+NEARUSDT+UNIUSDT+APTUSDT+ICPUSDT+ETCUSDT,0.015930782502067163,0.015930782502067163,0.011513639442114526,0.004219916698907743,0.019379802015502316,0.016575024668650865,0.015392100389788202,20,720,0.2992564095924529,-0.007076451775754996,0.035,0.001065250158921227,125,90,0,14400,0.948317093825879,2
regime_lgbm_hmm,tb_label_8h,8h,hmm,BTCUSDT+ETHUSDT+BNBUSDT+SOLUSDT+XRPUSDT+DOGEUSDT+ADAUSDT+TRXUSDT+LINKUSDT+AVAXUSDT+TONUSDT+SHIBUSDT+DOTUSDT+BCHUSDT+LTCUSDT+NEARUSDT+UNIUSDT+APTUSDT+ICPUSDT+ETCUSDT,0.006233177791362961,0.006233177791362961,0.007647118000816919,0.01644470367629921,0.011423468303977108,0.004347968561931979,0.003224983135852971,20,720,-3.3386461940880734,-0.020960057367833015,0.042777777777777776,-0.01835158264889203,152,90,0,14400,0.947532238050917,2
regime_lgbm_vol_bucket,tb_label_8h,8h,vol_bucket,BTCUSDT+ETHUSDT+BNBUSDT+SOLUSDT+XRPUSDT+DOGEUSDT+ADAUSDT+TRXUSDT+LINKUSDT+AVAXUSDT+TONUSDT+SHIBUSDT+DOTUSDT+BCHUSDT+LTCUSDT+NEARUSDT+UNIUSDT+APTUSDT+ICPUSDT+ETCUSDT,0.02453295139100078,0.02453295139100078,0.016252694810922605,0.021456301338312868,0.02798002837040353,0.02199878944301555,0.024954986275778773,20,720,-0.2880121311111141,-0.013619446114134397,0.06166666666666667,-0.0014001576994585596,216,90,0,14400,0.9468623480382207,2
global_lgbm,tb_label_8h,8h,none,BTCUSDT+ETHUSDT+BNBUSDT+SOLUSDT+XRPUSDT+DOGEUSDT+ADAUSDT+TRXUSDT+LINKUSDT+AVAXUSDT+TONUSDT+SHIBUSDT+DOTUSDT+BCHUSDT+LTCUSDT+NEARUSDT+UNIUSDT+APTUSDT+ICPUSDT+ETCUSDT,0.021019341917424612,0.021019341917424612,0.02140715000626572,-0.061390271519012225,-0.06927471312893349,0.02886229298762347,-0.020096141887562417,20,720,-0.7481727233043857,-0.00938610415384732,0.041666666666666664,-0.002843707173248111,148,90,0,14400,0.9538416222270716,3
regime_lgbm_kmeans,tb_label_8h,8h,kmeans,BTCUSDT+ETHUSDT+BNBUSDT+SOLUSDT+XRPUSDT+DOGEUSDT+ADAUSDT+TRXUSDT+LINKUSDT+AVAXUSDT+TONUSDT+SHIBUSDT+DOTUSDT+BCHUSDT+LTCUSDT+NEARUSDT+UNIUSDT+APTUSDT+ICPUSDT+ETCUSDT,0.01675450569889576,0.01675450569889576,0.020226415125398182,-0.050550409129398496,-0.05774506493490739,0.02208086376768557,-0.015992906411287693,20,720,-2.1114213152958192,-0.019056222589646798,0.09111111111111111,-0.012608071671575627,314,90,0,14400,0.9562181551143836,3
regime_lgbm_hmm,tb_label_8h,8h,hmm,BTCUSDT+ETHUSDT+BNBUSDT+SOLUSDT+XRPUSDT+DOGEUSDT+ADAUSDT+TRXUSDT+LINKUSDT+AVAXUSDT+TONUSDT+SHIBUSDT+DOTUSDT+BCHUSDT+LTCUSDT+NEARUSDT+UNIUSDT+APTUSDT+ICPUSDT+ETCUSDT,0.028050075977503953,0.028050075977503953,0.02738491654010511,-0.04970769515579621,-0.06518133874103146,0.03384020707563061,-0.005270084934862308,20,720,0.18435768016274345,-0.013915138582607322,0.085,0.0009259297162700353,287,90,0,14400,0.9529422416944936,3
regime_lgbm_vol_bucket,tb_label_8h,8h,vol_bucket,BTCUSDT+ETHUSDT+BNBUSDT+SOLUSDT+XRPUSDT+DOGEUSDT+ADAUSDT+TRXUSDT+LINKUSDT+AVAXUSDT+TONUSDT+SHIBUSDT+DOTUSDT+BCHUSDT+LTCUSDT+NEARUSDT+UNIUSDT+APTUSDT+ICPUSDT+ETCUSDT,0.02142290477260852,0.02142290477260852,0.033091295863278275,-0.055819295621529735,-0.05555796646267431,0.031270958999648456,-0.009563368529779428,20,720,-2.3557443240326412,-0.028491295368644445,0.08277777777777778,-0.016165931009061718,288,90,0,14400,0.9536930645108921,3
global_lgbm,tb_label_8h,8h,none,BTCUSDT+ETHUSDT+BNBUSDT+SOLUSDT+XRPUSDT+DOGEUSDT+ADAUSDT+TRXUSDT+LINKUSDT+AVAXUSDT+TONUSDT+SHIBUSDT+DOTUSDT+BCHUSDT+LTCUSDT+NEARUSDT+UNIUSDT+APTUSDT+ICPUSDT+ETCUSDT,-0.07997646297148168,-0.07997646297148168,-0.07219599007100265,-0.06905805031967531,-0.08509026578472298,-0.0683220413853927,-0.036839860697926705,20,720,-3.1573382443310742,-0.028635774703932474,0.034722222222222224,-0.02162973092885989,123,90,0,14400,0.9651321967031021,4
regime_lgbm_kmeans,tb_label_8h,8h,kmeans,BTCUSDT+ETHUSDT+BNBUSDT+SOLUSDT+XRPUSDT+DOGEUSDT+ADAUSDT+TRXUSDT+LINKUSDT+AVAXUSDT+TONUSDT+SHIBUSDT+DOTUSDT+BCHUSDT+LTCUSDT+NEARUSDT+UNIUSDT+APTUSDT+ICPUSDT+ETCUSDT,-0.0754680103674366,-0.0754680103674366,-0.06891951727860186,-0.053872363278800746,-0.07118542263095357,-0.06031637441389394,-0.04226580123150293,20,720,-4.400361966932977,-0.01968662441119075,0.055,-0.016324015212331622,192,90,0,14400,0.9669227805929516,4
regime_lgbm_hmm,tb_label_8h,8h,hmm,BTCUSDT+ETHUSDT+BNBUSDT+SOLUSDT+XRPUSDT+DOGEUSDT+ADAUSDT+TRXUSDT+LINKUSDT+AVAXUSDT+TONUSDT+SHIBUSDT+DOTUSDT+BCHUSDT+LTCUSDT+NEARUSDT+UNIUSDT+APTUSDT+ICPUSDT+ETCUSDT,-0.047822920215866684,-0.047822920215866684,-0.0430854943946981,-0.03852852156452594,-0.059498712547915056,-0.03589958699555771,-0.027889944957151934,20,720,-3.953181283027982,-0.03055360056919636,0.060833333333333336,-0.027284905484340705,214,90,0,14400,0.9657306365677465,4
regime_lgbm_vol_bucket,tb_label_8h,8h,vol_bucket,BTCUSDT+ETHUSDT+BNBUSDT+SOLUSDT+XRPUSDT+DOGEUSDT+ADAUSDT+TRXUSDT+LINKUSDT+AVAXUSDT+TONUSDT+SHIBUSDT+DOTUSDT+BCHUSDT+LTCUSDT+NEARUSDT+UNIUSDT+APTUSDT+ICPUSDT+ETCUSDT,-0.04729592249072322,-0.04729592249072322,-0.03736890163648125,-0.038631034575092545,-0.055389063816645365,-0.032578078523187004,-0.01697034517179186,20,720,-0.6681197136755213,-0.019431968410997414,0.060833333333333336,-0.0031615594581259066,207,90,0,14400,0.9648473793915867,4
global_lgbm,tb_label_8h,8h,none,BTCUSDT+ETHUSDT+BNBUSDT+SOLUSDT+XRPUSDT+DOGEUSDT+ADAUSDT+TRXUSDT+LINKUSDT+AVAXUSDT+TONUSDT+SHIBUSDT+DOTUSDT+BCHUSDT+LTCUSDT+NEARUSDT+UNIUSDT+APTUSDT+ICPUSDT+ETCUSDT,0.010693052441068407,0.010693052441068407,-0.0004894704419290844,-0.057645717050650386,-0.053941435583790526,0.013443741520559825,0.014689386386874833,20,720,0.30767842005663754,-0.013859283203349788,0.04111111111111111,0.0013974617477725548,147,90,0,14400,0.9462273839277685,5
regime_lgbm_kmeans,tb_label_8h,8h,kmeans,BTCUSDT+ETHUSDT+BNBUSDT+SOLUSDT+XRPUSDT+DOGEUSDT+ADAUSDT+TRXUSDT+LINKUSDT+AVAXUSDT+TONUSDT+SHIBUSDT+DOTUSDT+BCHUSDT+LTCUSDT+NEARUSDT+UNIUSDT+APTUSDT+ICPUSDT+ETCUSDT,0.007511804151919298,0.007511804151919298,0.0037806501665080382,-0.05269894023699939,-0.052603454655706774,0.01121344533070573,0.027111975850322566,20,720,0.6716548064028648,-0.024797623014769593,0.065,0.004356005127878371,229,90,0,14400,0.9496208337202197,5
regime_lgbm_hmm,tb_label_8h,8h,hmm,BTCUSDT+ETHUSDT+BNBUSDT+SOLUSDT+XRPUSDT+DOGEUSDT+ADAUSDT+TRXUSDT+LINKUSDT+AVAXUSDT+TONUSDT+SHIBUSDT+DOTUSDT+BCHUSDT+LTCUSDT+NEARUSDT+UNIUSDT+APTUSDT+ICPUSDT+ETCUSDT,0.01647693004488201,0.01647693004488201,0.015429172224567626,-0.040659888033853044,-0.03543129042300003,0.023099784555473762,0.029568634130752884,20,720,0.3535210422549213,-0.01798548407044478,0.06166666666666667,0.0018256401596590255,216,90,0,14400,0.9476671414377658,5
regime_lgbm_vol_bucket,tb_label_8h,8h,vol_bucket,BTCUSDT+ETHUSDT+BNBUSDT+SOLUSDT+XRPUSDT+DOGEUSDT+ADAUSDT+TRXUSDT+LINKUSDT+AVAXUSDT+TONUSDT+SHIBUSDT+DOTUSDT+BCHUSDT+LTCUSDT+NEARUSDT+UNIUSDT+APTUSDT+ICPUSDT+ETCUSDT,0.004196183263235437,0.004196183263235437,0.005019729702554055,-0.039040094109900884,-0.02619530504703404,0.007218043226669023,0.008593454046382856,20,720,2.330695051620067,-0.02265610316582532,0.07361111111111111,0.014865640036574757,251,90,0,14400,0.9490761462744988,5
global_lgbm,tb_label_8h,8h,none,BTCUSDT+ETHUSDT+BNBUSDT+SOLUSDT+XRPUSDT+DOGEUSDT+ADAUSDT+TRXUSDT+LINKUSDT+AVAXUSDT+TONUSDT+SHIBUSDT+DOTUSDT+BCHUSDT+LTCUSDT+NEARUSDT+UNIUSDT+APTUSDT+ICPUSDT+ETCUSDT,0.015674768076294525,0.015674768076294525,0.008881084697714203,0.01598908918168252,0.009764527620965233,0.019192582823200594,0.02009579573104312,20,720,6.238641778158741,-0.0009033168304084246,0.011111111111111112,0.006391510893466679,39,90,0,14400,0.9607151885290106,6
regime_lgbm_kmeans,tb_label_8h,8h,kmeans,BTCUSDT+ETHUSDT+BNBUSDT+SOLUSDT+XRPUSDT+DOGEUSDT+ADAUSDT+TRXUSDT+LINKUSDT+AVAXUSDT+TONUSDT+SHIBUSDT+DOTUSDT+BCHUSDT+LTCUSDT+NEARUSDT+UNIUSDT+APTUSDT+ICPUSDT+ETCUSDT,0.008194098196246427,0.008194098196246427,0.009372088917343226,0.01079647524149262,0.007966404329956439,0.013076660612996656,0.008863540070398957,20,720,0.777134459993908,-0.007046404906824495,0.035,0.0017152245529596932,119,90,0,14400,0.9604477453494513,6
regime_lgbm_hmm,tb_label_8h,8h,hmm,BTCUSDT+ETHUSDT+BNBUSDT+SOLUSDT+XRPUSDT+DOGEUSDT+ADAUSDT+TRXUSDT+LINKUSDT+AVAXUSDT+TONUSDT+SHIBUSDT+DOTUSDT+BCHUSDT+LTCUSDT+NEARUSDT+UNIUSDT+APTUSDT+ICPUSDT+ETCUSDT,0.0021276452776990587,0.0021276452776990587,0.0049724964819249685,0.009585536857459838,0.006515386694278179,0.008461502216941606,0.0061300989082157895,20,720,0.11150788246992116,-0.009197136676191448,0.03277777777777778,0.00024066192690153088,112,90,0,14400,0.9598718639090409,6
regime_lgbm_vol_bucket,tb_label_8h,8h,vol_bucket,BTCUSDT+ETHUSDT+BNBUSDT+SOLUSDT+XRPUSDT+DOGEUSDT+ADAUSDT+TRXUSDT+LINKUSDT+AVAXUSDT+TONUSDT+SHIBUSDT+DOTUSDT+BCHUSDT+LTCUSDT+NEARUSDT+UNIUSDT+APTUSDT+ICPUSDT+ETCUSDT,0.003769589980465909,0.003769589980465909,0.005068208035451224,0.011421082774861776,0.0039168014716816114,0.009145710704557984,0.003551288122423688,20,720,-0.42651172405400917,-0.009834735066503396,0.035555555555555556,-0.0013930861709520181,123,90,0,14400,0.9603024416366794,6
global_lgbm,tb_label_8h,8h,none,BTCUSDT+ETHUSDT+BNBUSDT+SOLUSDT+XRPUSDT+DOGEUSDT+ADAUSDT+TRXUSDT+LINKUSDT+AVAXUSDT+TONUSDT+SHIBUSDT+DOTUSDT+BCHUSDT+LTCUSDT+NEARUSDT+UNIUSDT+APTUSDT+ICPUSDT+ETCUSDT,-0.06848900422308181,-0.06848900422308181,-0.08373751683838726,-0.027397162181479758,-0.02752238153987409,-0.06928807109045444,-0.018016254779929217,20,720,-5.731194185765739,-0.019643759331039207,0.04388888888888889,-0.017287663313003354,152,90,0,14400,0.9372343031330785,7
regime_lgbm_kmeans,tb_label_8h,8h,kmeans,BTCUSDT+ETHUSDT+BNBUSDT+SOLUSDT+XRPUSDT+DOGEUSDT+ADAUSDT+TRXUSDT+LINKUSDT+AVAXUSDT+TONUSDT+SHIBUSDT+DOTUSDT+BCHUSDT+LTCUSDT+NEARUSDT+UNIUSDT+APTUSDT+ICPUSDT+ETCUSDT,-0.08089323026198422,-0.08089323026198422,-0.08770444290399335,-0.030296865601350812,-0.034295492046437934,-0.07940885649649758,-0.02517469698468946,20,720,-6.419024313618125,-0.020465596951010287,0.04722222222222222,-0.017694955240472487,166,90,0,14400,0.9386823522095542,7
regime_lgbm_hmm,tb_label_8h,8h,hmm,BTCUSDT+ETHUSDT+BNBUSDT+SOLUSDT+XRPUSDT+DOGEUSDT+ADAUSDT+TRXUSDT+LINKUSDT+AVAXUSDT+TONUSDT+SHIBUSDT+DOTUSDT+BCHUSDT+LTCUSDT+NEARUSDT+UNIUSDT+APTUSDT+ICPUSDT+ETCUSDT,-0.06824589357707495,-0.06824589357707495,-0.0779982066041512,-0.02159964809522386,-0.024867644624839237,-0.06726773031750619,-0.020159189857620337,20,720,-6.83721273816061,-0.02345849557408447,0.044444444444444446,-0.022058420108162946,156,90,0,14400,0.9378717212869331,7
regime_lgbm_vol_bucket,tb_label_8h,8h,vol_bucket,BTCUSDT+ETHUSDT+BNBUSDT+SOLUSDT+XRPUSDT+DOGEUSDT+ADAUSDT+TRXUSDT+LINKUSDT+AVAXUSDT+TONUSDT+SHIBUSDT+DOTUSDT+BCHUSDT+LTCUSDT+NEARUSDT+UNIUSDT+APTUSDT+ICPUSDT+ETCUSDT,-0.07237801486744713,-0.07237801486744713,-0.08113742569124958,-0.03572007710761529,-0.04722583815023393,-0.07178673374763528,-0.026361625629035917,20,720,-4.315022165455202,-0.016822545272847236,0.05333333333333334,-0.013260499096326095,186,90,0,14400,0.9388264310286122,7
global_lgbm,tb_label_8h,8h,none,BTCUSDT+ETHUSDT+BNBUSDT+SOLUSDT+XRPUSDT+DOGEUSDT+ADAUSDT+TRXUSDT+LINKUSDT+AVAXUSDT+TONUSDT+SHIBUSDT+DOTUSDT+BCHUSDT+LTCUSDT+NEARUSDT+UNIUSDT+APTUSDT+ICPUSDT+ETCUSDT,0.024829685804710098,0.024829685804710098,0.01847884584826115,-0.004861961743922273,-0.013658261309779245,0.029238056911396446,0.04191706896750754,20,720,1.0059500657029026,-0.012174932050052618,0.06138888888888889,0.003186376427894766,214,90,0,14400,0.9495620178793034,8
regime_lgbm_kmeans,tb_label_8h,8h,kmeans,BTCUSDT+ETHUSDT+BNBUSDT+SOLUSDT+XRPUSDT+DOGEUSDT+ADAUSDT+TRXUSDT+LINKUSDT+AVAXUSDT+TONUSDT+SHIBUSDT+DOTUSDT+BCHUSDT+LTCUSDT+NEARUSDT+UNIUSDT+APTUSDT+ICPUSDT+ETCUSDT,0.01870904761097434,0.01870904761097434,0.010729302724829144,-0.006706813513765085,-0.011852357465101118,0.02405168845325557,0.02925612978770657,20,720,-0.06739078223013559,-0.01570381069592786,0.06861111111111111,-0.0002882576662709413,238,90,0,14400,0.9510377777013758,8
regime_lgbm_hmm,tb_label_8h,8h,hmm,BTCUSDT+ETHUSDT+BNBUSDT+SOLUSDT+XRPUSDT+DOGEUSDT+ADAUSDT+TRXUSDT+LINKUSDT+AVAXUSDT+TONUSDT+SHIBUSDT+DOTUSDT+BCHUSDT+LTCUSDT+NEARUSDT+UNIUSDT+APTUSDT+ICPUSDT+ETCUSDT,0.028983638245935,0.028983638245935,0.043665619310837595,-0.00398746799606182,0.016075219396029582,0.029470798939693232,0.03940952070369668,20,720,2.67740079457588,-0.01452355183467276,0.0725,0.012970165884701235,253,90,0,14400,0.949759332917339,8
regime_lgbm_vol_bucket,tb_label_8h,8h,vol_bucket,BTCUSDT+ETHUSDT+BNBUSDT+SOLUSDT+XRPUSDT+DOGEUSDT+ADAUSDT+TRXUSDT+LINKUSDT+AVAXUSDT+TONUSDT+SHIBUSDT+DOTUSDT+BCHUSDT+LTCUSDT+NEARUSDT+UNIUSDT+APTUSDT+ICPUSDT+ETCUSDT,0.03938034199005575,0.03938034199005575,0.03330200428732579,0.005042041434437644,0.025348633251691153,0.04285182157335066,0.04783490637698309,20,720,4.057230320837024,-0.013269718048232924,0.07555555555555556,0.021324176707720577,264,90,0,14400,0.9482279796155043,8
global_lgbm,tb_label_8h,8h,none,BTCUSDT+ETHUSDT+BNBUSDT+SOLUSDT+XRPUSDT+DOGEUSDT+ADAUSDT+TRXUSDT+LINKUSDT+AVAXUSDT+TONUSDT+SHIBUSDT+DOTUSDT+BCHUSDT+LTCUSDT+NEARUSDT+UNIUSDT+APTUSDT+ICPUSDT+ETCUSDT,0.05925145008938837,0.05925145008938837,0.05451214369005622,0.05340026087892517,0.06263122147511094,0.07287187352106352,0.03073302283220346,20,720,1.0629820923412678,-0.011162790912449205,0.024166666666666666,0.00785846394408285,87,90,0,14400,0.9752193969913233,9
regime_lgbm_kmeans,tb_label_8h,8h,kmeans,BTCUSDT+ETHUSDT+BNBUSDT+SOLUSDT+XRPUSDT+DOGEUSDT+ADAUSDT+TRXUSDT+LINKUSDT+AVAXUSDT+TONUSDT+SHIBUSDT+DOTUSDT+BCHUSDT+LTCUSDT+NEARUSDT+UNIUSDT+APTUSDT+ICPUSDT+ETCUSDT,0.0442834032319113,0.0442834032319113,0.03440424526086458,0.03628705545496071,0.046799021770664834,0.05132421735749822,0.019175899641353824,20,720,1.3083230293023687,-0.011162790912449205,0.03333333333333333,0.010505085605188702,119,90,0,14400,0.9840268502850529,9
regime_lgbm_hmm,tb_label_8h,8h,hmm,BTCUSDT+ETHUSDT+BNBUSDT+SOLUSDT+XRPUSDT+DOGEUSDT+ADAUSDT+TRXUSDT+LINKUSDT+AVAXUSDT+TONUSDT+SHIBUSDT+DOTUSDT+BCHUSDT+LTCUSDT+NEARUSDT+UNIUSDT+APTUSDT+ICPUSDT+ETCUSDT,0.05939497414939844,0.05939497414939844,0.0556720912360828,0.061559045875075685,0.06493890106913311,0.05871145782211899,0.02643599747515608,20,720,1.5094825552899043,-0.013063969186397123,0.04055555555555555,0.006569589541571386,144,90,0,14400,0.9849998428976655,9
regime_lgbm_vol_bucket,tb_label_8h,8h,vol_bucket,BTCUSDT+ETHUSDT+BNBUSDT+SOLUSDT+XRPUSDT+DOGEUSDT+ADAUSDT+TRXUSDT+LINKUSDT+AVAXUSDT+TONUSDT+SHIBUSDT+DOTUSDT+BCHUSDT+LTCUSDT+NEARUSDT+UNIUSDT+APTUSDT+ICPUSDT+ETCUSDT,0.007973327441305359,0.007973327441305359,0.013291590735355473,0.044602694426426386,0.0302863640430881,0.013185509459951813,-0.00023265704535626734,20,720,-1.1748018323368363,-0.018996956009864507,0.03916666666666667,-0.006999280023462506,138,90,0,14400,0.9949315735665629,9
global_lgbm,tb_label_8h,8h,none,BTCUSDT+ETHUSDT+BNBUSDT+SOLUSDT+XRPUSDT+DOGEUSDT+ADAUSDT+TRXUSDT+LINKUSDT+AVAXUSDT+TONUSDT+SHIBUSDT+DOTUSDT+BCHUSDT+LTCUSDT+NEARUSDT+UNIUSDT+APTUSDT+ICPUSDT+ETCUSDT,-0.08951102160941496,-0.08951102160941496,-0.07218528237839976,-0.0008791900229196908,-0.011404212454453631,-0.07484412722676997,0.012532079627636972,20,720,-1.315574222388213,-0.009103239613531733,0.029444444444444443,-0.0029969170356591857,105,90,0,14400,0.9181739848892037,10
regime_lgbm_kmeans,tb_label_8h,8h,kmeans,BTCUSDT+ETHUSDT+BNBUSDT+SOLUSDT+XRPUSDT+DOGEUSDT+ADAUSDT+TRXUSDT+LINKUSDT+AVAXUSDT+TONUSDT+SHIBUSDT+DOTUSDT+BCHUSDT+LTCUSDT+NEARUSDT+UNIUSDT+APTUSDT+ICPUSDT+ETCUSDT,-0.07142085374668976,-0.07142085374668976,-0.07463935094901888,0.006838865745859186,0.010420438669597205,-0.05713584692724542,-0.010248439833283659,20,720,-0.523780257957932,-0.013068727181986307,0.045,-0.001396468751211577,158,90,0,14400,0.9218856287895608,10
regime_lgbm_hmm,tb_label_8h,8h,hmm,BTCUSDT+ETHUSDT+BNBUSDT+SOLUSDT+XRPUSDT+DOGEUSDT+ADAUSDT+TRXUSDT+LINKUSDT+AVAXUSDT+TONUSDT+SHIBUSDT+DOTUSDT+BCHUSDT+LTCUSDT+NEARUSDT+UNIUSDT+APTUSDT+ICPUSDT+ETCUSDT,-0.07235850961603021,-0.07235850961603021,-0.08832447133619471,-0.0008876925808648739,-0.007272314799481202,-0.06832859883827783,-0.00015059586374024312,20,720,-4.0055238373863915,-0.013413969008563736,0.04527777777777778,-0.010127918373044165,158,90,0,14400,0.9235634816158816,10
regime_lgbm_vol_bucket,tb_label_8h,8h,vol_bucket,BTCUSDT+ETHUSDT+BNBUSDT+SOLUSDT+XRPUSDT+DOGEUSDT+ADAUSDT+TRXUSDT+LINKUSDT+AVAXUSDT+TONUSDT+SHIBUSDT+DOTUSDT+BCHUSDT+LTCUSDT+NEARUSDT+UNIUSDT+APTUSDT+ICPUSDT+ETCUSDT,-0.05134902837292007,-0.05134902837292007,-0.05305016702058441,0.0009275403912850175,0.004463548133173926,-0.04956280548285837,-0.005860343441777448,20,720,-7.261015832353377,-0.02042036278147608,0.023055555555555555,-0.019828572173414383,82,90,0,14400,0.9170266906330105,10
global_lgbm,tb_label_8h,8h,none,BTCUSDT+ETHUSDT+BNBUSDT+SOLUSDT+XRPUSDT+DOGEUSDT+ADAUSDT+TRXUSDT+LINKUSDT+AVAXUSDT+TONUSDT+SHIBUSDT+DOTUSDT+BCHUSDT+LTCUSDT+NEARUSDT+UNIUSDT+APTUSDT+ICPUSDT+ETCUSDT,-0.04223049556816828,-0.04223049556816828,-0.04501646330671555,-0.017520259497773475,-0.02799161629223476,-0.041472600179167984,-0.010767895716591005,20,720,3.2168531708543697,-0.015545379079588978,0.07472222222222222,0.016706844670319576,259,90,0,14400,0.923315404703444,11
regime_lgbm_kmeans,tb_label_8h,8h,kmeans,BTCUSDT+ETHUSDT+BNBUSDT+SOLUSDT+XRPUSDT+DOGEUSDT+ADAUSDT+TRXUSDT+LINKUSDT+AVAXUSDT+TONUSDT+SHIBUSDT+DOTUSDT+BCHUSDT+LTCUSDT+NEARUSDT+UNIUSDT+APTUSDT+ICPUSDT+ETCUSDT,-0.03780493882892437,-0.03780493882892437,-0.05462873001441035,-0.010684737495061502,-0.019711122095473127,-0.03523027853789073,-0.01606415181774181,20,720,2.7367446650292617,-0.016372752625338945,0.07833333333333334,0.013785529371193705,271,90,0,14400,0.9236078982033991,11
regime_lgbm_hmm,tb_label_8h,8h,hmm,BTCUSDT+ETHUSDT+BNBUSDT+SOLUSDT+XRPUSDT+DOGEUSDT+ADAUSDT+TRXUSDT+LINKUSDT+AVAXUSDT+TONUSDT+SHIBUSDT+DOTUSDT+BCHUSDT+LTCUSDT+NEARUSDT+UNIUSDT+APTUSDT+ICPUSDT+ETCUSDT,-0.037748562972433106,-0.037748562972433106,-0.04911353097379052,-0.014084957340015514,-0.027807843694781287,-0.03363184237318955,-0.004523260830939878,20,720,3.6494829326577913,-0.012621617639759348,0.07944444444444444,0.01902539192265107,274,90,0,14400,0.9235730825882817,11
regime_lgbm_vol_bucket,tb_label_8h,8h,vol_bucket,BTCUSDT+ETHUSDT+BNBUSDT+SOLUSDT+XRPUSDT+DOGEUSDT+ADAUSDT+TRXUSDT+LINKUSDT+AVAXUSDT+TONUSDT+SHIBUSDT+DOTUSDT+BCHUSDT+LTCUSDT+NEARUSDT+UNIUSDT+APTUSDT+ICPUSDT+ETCUSDT,-0.03238110356836964,-0.03238110356836964,-0.038812777938055765,-0.01139884913548029,-0.02507760854577596,-0.027630978514843457,-0.006365572104023369,20,720,3.401084345842018,-0.014071054581141733,0.08638888888888889,0.01817144967762485,295,90,0,14400,0.9219013712658904,11
global_lgbm,tb_label_8h,8h,none,BTCUSDT+ETHUSDT+BNBUSDT+SOLUSDT+XRPUSDT+DOGEUSDT+ADAUSDT+TRXUSDT+LINKUSDT+AVAXUSDT+TONUSDT+SHIBUSDT+DOTUSDT+BCHUSDT+LTCUSDT+NEARUSDT+UNIUSDT+APTUSDT+ICPUSDT+ETCUSDT,-0.03769758391839681,-0.03769758391839681,-0.02310951846420728,0.018702725295541848,0.024288497088525412,-0.02886787482804937,0.05334425892183142,20,720,-0.02761140389234706,-0.025846891109150002,0.06444444444444444,-0.0004713534091881355,227,90,0,14400,0.9203886311067259,12
regime_lgbm_kmeans,tb_label_8h,8h,kmeans,BTCUSDT+ETHUSDT+BNBUSDT+SOLUSDT+XRPUSDT+DOGEUSDT+ADAUSDT+TRXUSDT+LINKUSDT+AVAXUSDT+TONUSDT+SHIBUSDT+DOTUSDT+BCHUSDT+LTCUSDT+NEARUSDT+UNIUSDT+APTUSDT+ICPUSDT+ETCUSDT,-0.06481138582269907,-0.06481138582269907,-0.07091996295735234,0.015711533056193917,0.01902788955190963,-0.052314425665810085,0.044248259142102266,20,720,-2.5829282624479744,-0.03555282693205313,0.07611111111111112,-0.01768758144901017,263,90,0,14400,0.922052424740823,12
regime_lgbm_hmm,tb_label_8h,8h,hmm,BTCUSDT+ETHUSDT+BNBUSDT+SOLUSDT+XRPUSDT+DOGEUSDT+ADAUSDT+TRXUSDT+LINKUSDT+AVAXUSDT+TONUSDT+SHIBUSDT+DOTUSDT+BCHUSDT+LTCUSDT+NEARUSDT+UNIUSDT+APTUSDT+ICPUSDT+ETCUSDT,-0.0418576187668009,-0.0418576187668009,-0.03334574980547064,0.009106068718953001,0.0025307030653671497,-0.03169007675383022,0.039825829285473145,20,720,-2.649250677511663,-0.034113620567504714,0.07833333333333334,-0.017023081771730952,274,90,0,14400,0.9204548229136877,12
regime_lgbm_vol_bucket,tb_label_8h,8h,vol_bucket,BTCUSDT+ETHUSDT+BNBUSDT+SOLUSDT+XRPUSDT+DOGEUSDT+ADAUSDT+TRXUSDT+LINKUSDT+AVAXUSDT+TONUSDT+SHIBUSDT+DOTUSDT+BCHUSDT+LTCUSDT+NEARUSDT+UNIUSDT+APTUSDT+ICPUSDT+ETCUSDT,-0.05861754891451609,-0.05861754891451609,-0.06461632976226926,0.0042767008917961626,-0.0019507326574001993,-0.04999159187035064,0.03629770778786631,20,720,-0.6593507576907011,-0.0188281343878395,0.07666666666666666,-0.004146922121731067,265,90,0,14400,0.9220676238322301,12
global_lgbm,tb_label_8h,8h,none,BTCUSDT+ETHUSDT+BNBUSDT+SOLUSDT+XRPUSDT+DOGEUSDT+ADAUSDT+TRXUSDT+LINKUSDT+AVAXUSDT+TONUSDT+SHIBUSDT+DOTUSDT+BCHUSDT+LTCUSDT+NEARUSDT+UNIUSDT+APTUSDT+ICPUSDT+ETCUSDT,-0.045114090800863656,-0.045114090800863656,-0.058105042176828006,0.007938148308205365,0.0008707722557829262,-0.03842061612078919,-0.008781043717558407,20,720,-3.5096781209977843,-0.022370654879983326,0.03944444444444444,-0.014642699918692825,139,90,0,14400,1.0042587683948152,13
regime_lgbm_kmeans,tb_label_8h,8h,kmeans,BTCUSDT+ETHUSDT+BNBUSDT+SOLUSDT+XRPUSDT+DOGEUSDT+ADAUSDT+TRXUSDT+LINKUSDT+AVAXUSDT+TONUSDT+SHIBUSDT+DOTUSDT+BCHUSDT+LTCUSDT+NEARUSDT+UNIUSDT+APTUSDT+ICPUSDT+ETCUSDT,-0.04758555226503492,-0.04758555226503492,-0.04395340988751616,0.02222270211544249,0.02320628143793064,-0.04286329861040339,0.0016434910729416982,20,720,-1.3382328047892056,-0.020604590416080207,0.043333333333333335,-0.005653919072714508,152,90,0,14400,0.9763122635996233,13
regime_lgbm_hmm,tb_label_8h,8h,hmm,BTCUSDT+ETHUSDT+BNBUSDT+SOLUSDT+XRPUSDT+DOGEUSDT+ADAUSDT+TRXUSDT+LINKUSDT+AVAXUSDT+TONUSDT+SHIBUSDT+DOTUSDT+BCHUSDT+LTCUSDT+NEARUSDT+UNIUSDT+APTUSDT+ICPUSDT+ETCUSDT,-0.07417681216292042,-0.07417681216292042,-0.07787189685117463,0.008592520968573915,0.0012496942377240858,-0.06651659705692023,-0.002138384230182735,20,720,-3.547847494267982,-0.02541983023558892,0.04777777777777778,-0.016229805371387296,165,90,0,14400,0.9777599404385122,13
regime_lgbm_vol_bucket,tb_label_8h,8h,vol_bucket,BTCUSDT+ETHUSDT+BNBUSDT+SOLUSDT+XRPUSDT+DOGEUSDT+ADAUSDT+TRXUSDT+LINKUSDT+AVAXUSDT+TONUSDT+SHIBUSDT+DOTUSDT+BCHUSDT+LTCUSDT+NEARUSDT+UNIUSDT+APTUSDT+ICPUSDT+ETCUSDT,-0.0667984079071825,-0.0667984079071825,-0.0750172443767646,0.017068347281613317,0.03390346477200067,-0.061585570993813676,-0.008404434411641813,20,720,-5.392557949078845,-0.02939501806827634,0.04666666666666667,-0.02272099277162698,163,90,0,14400,0.9758892670094881,13
global_lgbm,tb_label_8h,8h,none,BTCUSDT+ETHUSDT+BNBUSDT+SOLUSDT+XRPUSDT+DOGEUSDT+ADAUSDT+TRXUSDT+LINKUSDT+AVAXUSDT+TONUSDT+SHIBUSDT+DOTUSDT+BCHUSDT+LTCUSDT+NEARUSDT+UNIUSDT+APTUSDT+ICPUSDT+ETCUSDT,-0.013493428763765261,-0.013493428763765261,-0.007132839285301283,-0.009470603697681029,-0.020651311376604062,-0.015356427761126253,0.0006482732593834358,20,720,2.469086947457612,-0.015559685628403283,0.0725,0.018120984009371677,257,90,0,14400,0.9675848800104268,14
regime_lgbm_kmeans,tb_label_8h,8h,kmeans,BTCUSDT+ETHUSDT+BNBUSDT+SOLUSDT+XRPUSDT+DOGEUSDT+ADAUSDT+TRXUSDT+LINKUSDT+AVAXUSDT+TONUSDT+SHIBUSDT+DOTUSDT+BCHUSDT+LTCUSDT+NEARUSDT+UNIUSDT+APTUSDT+ICPUSDT+ETCUSDT,-0.005955360659535729,-0.005955360659535729,0.0026915303782873833,-0.010255831318912972,-0.018283684383038606,-0.011977188374087384,-0.008522377913248941,20,720,1.0651898984017762,-0.01155620988219086,0.03861111111111111,0.005382031935011078,133,90,0,14400,0.955800764021551,14
regime_lgbm_hmm,tb_label_8h,8h,hmm,BTCUSDT+ETHUSDT+BNBUSDT+SOLUSDT+XRPUSDT+DOGEUSDT+ADAUSDT+TRXUSDT+LINKUSDT+AVAXUSDT+TONUSDT+SHIBUSDT+DOTUSDT+BCHUSDT+LTCUSDT+NEARUSDT+UNIUSDT+APTUSDT+ICPUSDT+ETCUSDT,0.006439490063906849,0.006439490063906849,0.014642097536509599,0.008556091391611446,0.01048570800856076,-0.0017883384359557184,0.003444225031323482,20,720,3.085400864032854,-0.006504126738606335,0.035833333333333335,0.017232138237097905,124,90,0,14400,0.9550544123147552,14
regime_lgbm_vol_bucket,tb_label_8h,8h,vol_bucket,BTCUSDT+ETHUSDT+BNBUSDT+SOLUSDT+XRPUSDT+DOGEUSDT+ADAUSDT+TRXUSDT+LINKUSDT+AVAXUSDT+TONUSDT+SHIBUSDT+DOTUSDT+BCHUSDT+LTCUSDT+NEARUSDT+UNIUSDT+APTUSDT+ICPUSDT+ETCUSDT,0.011752524465921482,0.011752524465921482,-0.006074013791043427,-0.015837398067487064,-0.025373001433556204,0.0010223698264744557,0.027005547383564626,20,720,3.592186126288792,-0.025338629970250364,0.12472222222222222,0.02714359780059894,414,90,0,14400,0.9809459585021406,14
global_lgbm,tb_label_8h,8h,none,BTCUSDT+ETHUSDT+BNBUSDT+SOLUSDT+XRPUSDT+DOGEUSDT+ADAUSDT+TRXUSDT+LINKUSDT+AVAXUSDT+TONUSDT+SHIBUSDT+DOTUSDT+BCHUSDT+LTCUSDT+NEARUSDT+UNIUSDT+APTUSDT+ICPUSDT+ETCUSDT,-0.047961629178198975,-0.047961629178198975,-0.06763935998257598,0.03270950586690866,0.04089148172210396,-0.021386741854543447,-0.004899572661022933,20,720,-3.540626961870723,-0.0244443354361118,0.10666666666666667,-0.013434747158414861,359,90,0,14400,0.9235288430892823,15
regime_lgbm_kmeans,tb_label_8h,8h,kmeans,BTCUSDT+ETHUSDT+BNBUSDT+SOLUSDT+XRPUSDT+DOGEUSDT+ADAUSDT+TRXUSDT+LINKUSDT+AVAXUSDT+TONUSDT+SHIBUSDT+DOTUSDT+BCHUSDT+LTCUSDT+NEARUSDT+UNIUSDT+APTUSDT+ICPUSDT+ETCUSDT,-0.052664870943185546,-0.052664870943185546,-0.04492516883020589,0.017583078208905645,0.0074692352991594015,-0.029729711688341397,-0.004546166685812732,20,720,-2.020969040608818,-0.021946732290244526,0.11861111111111111,-0.00815054581778396,397,90,0,14400,0.9295691239724851,15
regime_lgbm_hmm,tb_label_8h,8h,hmm,BTCUSDT+ETHUSDT+BNBUSDT+SOLUSDT+XRPUSDT+DOGEUSDT+ADAUSDT+TRXUSDT+LINKUSDT+AVAXUSDT+TONUSDT+SHIBUSDT+DOTUSDT+BCHUSDT+LTCUSDT+NEARUSDT+UNIUSDT+APTUSDT+ICPUSDT+ETCUSDT,-0.05004660273852877,-0.05004660273852877,-0.06718212079872875,0.022430593209006033,0.001010980958128578,-0.021086411579721725,-0.013250908685970064,20,720,-6.475661273190847,-0.03601069092074124,0.13694444444444445,-0.029167701416737746,443,90,0,14400,0.9303762102799847,15
regime_lgbm_vol_bucket,tb_label_8h,8h,vol_bucket,BTCUSDT+ETHUSDT+BNBUSDT+SOLUSDT+XRPUSDT+DOGEUSDT+ADAUSDT+TRXUSDT+LINKUSDT+AVAXUSDT+TONUSDT+SHIBUSDT+DOTUSDT+BCHUSDT+LTCUSDT+NEARUSDT+UNIUSDT+APTUSDT+ICPUSDT+ETCUSDT,-0.05495501853873064,-0.05495501853873064,-0.07446440013899563,0.03368466879976658,0.025751372069137225,-0.025435341611113254,-0.015329333944641177,20,720,-2.8987325931939147,-0.026102545425405813,0.1238888888888889,-0.013651555110639646,417,90,0,14400,0.9377208080281594,15
global_lgbm,tb_label_8h,8h,none,BTCUSDT+ETHUSDT+BNBUSDT+SOLUSDT+XRPUSDT+DOGEUSDT+ADAUSDT+TRXUSDT+LINKUSDT+AVAXUSDT+TONUSDT+SHIBUSDT+DOTUSDT+BCHUSDT+LTCUSDT+NEARUSDT+UNIUSDT+APTUSDT+ICPUSDT+ETCUSDT,0.02521848236407038,0.02521848236407038,0.016972605280223717,0.041884175150724845,0.03835522611906122,0.021435345447358638,0.03841062251969691,20,720,-3.1839800419458344,-0.022993167433796344,0.05444444444444444,-0.01208095364319095,188,90,0,14400,0.9944284310931456,16
regime_lgbm_kmeans,tb_label_8h,8h,kmeans,BTCUSDT+ETHUSDT+BNBUSDT+SOLUSDT+XRPUSDT+DOGEUSDT+ADAUSDT+TRXUSDT+LINKUSDT+AVAXUSDT+TONUSDT+SHIBUSDT+DOTUSDT+BCHUSDT+LTCUSDT+NEARUSDT+UNIUSDT+APTUSDT+ICPUSDT+ETCUSDT,0.010202369354243058,0.010202369354243058,0.00024439766192135034,0.017492462732845476,0.00947787070597199,0.009116522186827472,0.032827513243316855,20,720,-3.3863142759384086,-0.029153967174976574,0.06888888888888889,-0.01266340360232543,237,90,0,14400,1.0005968330662893,16
regime_lgbm_hmm,tb_label_8h,8h,hmm,BTCUSDT+ETHUSDT+BNBUSDT+SOLUSDT+XRPUSDT+DOGEUSDT+ADAUSDT+TRXUSDT+LINKUSDT+AVAXUSDT+TONUSDT+SHIBUSDT+DOTUSDT+BCHUSDT+LTCUSDT+NEARUSDT+UNIUSDT+APTUSDT+ICPUSDT+ETCUSDT,-0.007003340359572882,-0.007003340359572882,-0.020408330867898936,0.012065609079988174,0.00351372221391112,-0.011265111812922798,0.007596701782400484,20,720,-3.333743434998742,-0.03035284830545011,0.06722222222222222,-0.013800400113675337,230,90,0,14400,1.005895171380046,16
regime_lgbm_vol_bucket,tb_label_8h,8h,vol_bucket,BTCUSDT+ETHUSDT+BNBUSDT+SOLUSDT+XRPUSDT+DOGEUSDT+ADAUSDT+TRXUSDT+LINKUSDT+AVAXUSDT+TONUSDT+SHIBUSDT+DOTUSDT+BCHUSDT+LTCUSDT+NEARUSDT+UNIUSDT+APTUSDT+ICPUSDT+ETCUSDT,0.005730329484158952,0.005730329484158952,-0.002078976804507429,0.01666361228130637,0.004416885883089275,-0.0008818095128401059,0.01942045030098728,20,720,-6.908484466270309,-0.04789648567254231,0.09,-0.037822196708764966,303,90,0,14400,1.010376778289305,16
